G,speed,plvD_r,pliD_r,aecD_r,plvT_r,pliT_r,aecT_r,plvA_r,pliA_r,aecA_r,plvB_r,pliB_r,aecB_r,plvG_r,pliG_r,aecG_r
0.5,3,0.04369850220508238,-0.004067223711521494,0.04519376380541066,0.22295215012563924,0.07338598653403997,0.04276147600323225,0.29192902673636684,0.040989424535171085,0.033264865105215737,0.2647338406842239,0.043443604622144784,0.12218141974274895,0.30147070527936043,-0.03367464514687734,0.08060539641933409
0.5,6,0.06739743939771506,0.0027047632844802647,0.010042205164506704,0.17004360025313076,0.005170548398638483,-0.014873666373546441,0.24453146890626415,0.033618145917268125,0.14731301879298278,0.32556790395025986,0.07040269295251995,0.29560394620841773,0.26263617195544076,0.01510131792305994,0.1938880790188025
0.5,9,0.17438117956099894,-0.039885647850242754,0.09516549315045099,0.23169077467338922,0.011237537388286022,0.12099121573322971,0.12898939961664357,-0.01212040308250354,0.18455452855548793,0.13916110900197265,0.027645111290706507,0.21404501902590475,0.22004764282565434,0.03967915946698593,0.15997076756215237
0.75,3,0.07651891295993907,0.023873616781502606,0.10811502744745535,0.3633192725251856,0.08511710902296839,0.12658291829420967,0.30963442933965135,0.032836308515557106,0.20854990649990043,0.31458057063737693,0.06994840148991936,0.2407575518788549,0.33491150203228487,-0.036609604561447635,0.29150875278992716
0.75,6,0.15379872558617919,0.0145371618573803,0.08955146023338968,0.21934928528470196,0.03985439828091844,0.014439843379480868,0.3183888249336094,0.10831740725292771,0.029895913508673492,0.3045352985135826,0.04455807250041166,0.23893480850951343,0.3246015482683902,-0.026383440541049456,0.2762922149153243
0.75,9,0.1228059870987133,0.013156466733319877,0.20571958840240678,0.1311488157993023,-0.0262614737898182,0.1007362975606255,0.12717531295634357,0.037786862135470375,0.22873941852566218,0.15843404000681735,0.02764478019562903,0.2629646735365264,0.07929037974211584,-0.038052203290357425,0.11567713862717544
1.0,3,0.17389976137298233,0.007468736922266144,0.15719702279002337,0.30646427326290315,0.08362394323929254,0.20651190278316142,0.3259660434848063,0.09104286109569255,0.053406053085804324,0.3355980610046028,0.027797794450045585,0.1760654492976898,0.38901600025001776,-0.011014607332805421,0.2124207942000076
1.0,6,0.15858117424406673,0.03782200205976816,0.14144823986840455,0.3332391709852494,0.08538269276694524,0.14270472009968158,0.26841064408842813,0.045699121044430906,0.12906937383633024,0.3059654991555357,0.028058176634019626,0.2699134198554847,0.3891326887810053,0.052172973796297546,0.302975152360332
1.0,9,0.053461397855023095,0.021867937479380883,0.07251149149895261,0.24977564381746706,0.05117820439410363,0.05775049056628611,0.05503801906863767,-0.004324164495325335,0.14928495632277242,0.22633992400972633,-0.006739058189594556,0.17781296316710282,0.27548888483871253,-0.03394657142275663,0.22316805312169102
1.25,3,0.10916528248253023,-0.011965593350848989,0.047015903577039546,0.25075702650508336,0.07826186903635805,0.07143366127650543,0.2460672888170465,0.05442964528437248,0.062218769178963025,0.26454472292587095,0.08659731002303422,0.1799841822952496,0.28896553926996754,-0.024525923903365835,0.2948779270112773
1.25,6,0.13432831873904638,-0.025189777591634,0.029225076368510763,0.34784173714661315,0.060665149365575544,0.09168867146445958,0.23071577954964423,0.05722117598475637,0.2245681794353189,0.3051795533474384,0.05684943897013047,0.22690685067876717,0.32200830625847743,-0.06484405583866439,0.25569408458143245
1.25,9,0.08476551776994695,-0.017992377746343644,0.03999309202670945,0.30557781752639895,0.08242186326453989,0.08680245237208183,0.2308023205679464,0.030342760084120343,0.14836166207172155,0.2807557545729982,-0.0058897205131626445,0.25077001399278737,0.2703149585529259,-0.01615946262281968,0.20767799267558712
1.5,3,0.008588230263159144,-0.007342471091769982,0.011001540634760061,0.23779947579256902,0.061477161172822044,0.019457201507046964,0.2090847883523379,0.027174402340801537,0.08916742058882911,0.32987812095770497,0.054015695215198424,0.14904476266952293,0.2872384195187098,0.0044882398943587145,0.22966530306331356
1.5,6,0.04735953550082837,-0.019748185973381214,-0.015163610821540049,0.30609511637236225,0.05058924233558427,0.04056262328827957,0.19655311647127222,-0.042777628918347056,0.15463858175397743,0.28571455737229134,0.0193527412161973,0.2139398803935184,0.23551336759387267,-0.05889207535240899,0.1429922905797495
1.5,9,0.08982921860943553,0.016992774970907017,-0.0013527629709913953,0.30703873992319275,0.06812104436908777,0.02776378355915882,0.10093356522198918,0.03707436035046529,0.060691334322342486,0.18808453081729573,0.06668857763708748,0.2028944716650312,0.29428640758220287,0.015487766675062376,0.1653912865756357
1.75,3,0.08984747299157295,0.03512591594158639,0.02223308434733822,0.22058576765024496,0.0790198656993812,0.09955203743475907,0.2579450645437296,0.061367502168644276,0.0634032229646717,0.2892738791286627,0.0003971525430318236,0.1153923132357696,0.32245366919165364,-0.036636031207900425,0.20882037578564847
1.75,6,0.12279806920809958,-0.0029421388475485443,0.07970523279139487,0.32900543551563266,0.07840359553381952,0.05154388542338938,0.2804454704305979,0.06468414351082052,0.11690859911673421,0.3676764130869237,0.056382165647392776,0.19089433247175894,0.3609355226534788,0.0012381691008638879,0.22187971084226438
1.75,9,0.06390994968444358,-0.030625097975162035,0.05816601943071072,0.2290561216724819,-0.017864878247257934,0.08764115014029061,0.15411875414915932,-0.03817691942235652,0.06023972308400167,0.2961699118187215,0.06292093517846065,0.2678212998293274,0.2555714378714289,0.02017870579360303,0.2094966205120646
2.0,3,0.08339050664005981,-0.03109992030908615,-0.024591812375198606,0.22809899924598215,0.027263079426983323,0.05773370388422194,0.24582427018489567,0.06995757176389095,0.13797595412133234,0.326434735655964,0.07189092636931516,0.19600119534552177,0.3026330617966714,-0.005757043144142488,0.23815353383575308
2.0,6,0.04938103242758708,-0.03219186157246758,0.02196472350464319,0.34832471500841244,0.05564825978262526,0.07515976945794184,0.23792906651916684,0.03994392851180566,0.12629281450884888,0.30982217186723265,0.020109997514248693,0.3265738239800533,0.30430247967589974,0.044810970667203284,0.2079311145968265
2.0,9,0.08419728396419808,-0.011070740068979566,-0.01033243553149396,0.22936348489648573,-0.024887112024045997,-0.02220802339338559,0.28251540439184,0.05905376381300369,0.061462297209418086,0.27840697526914443,0.02162255923542777,0.1609743579472048,0.216654731607394,-0.006306352994537921,0.10873026401873113
2.25,3,0.06565820867964083,0.004144677536026488,0.006525372022620406,0.27475033635144414,0.0488867919572518,0.10890941604663504,0.2366020040663215,-0.01275377598914256,0.0980863401151557,0.313485128393591,0.019216587750793806,0.19922931363889707,0.2958044503903375,-0.016619895430859736,0.2360604031919764
2.25,6,0.08345140570280064,0.01659498424951691,0.042366461052091506,0.2919603687795572,0.08361023841749059,0.061143494999980175,0.1600785828039889,0.007570549818308069,0.2110701261752558,0.27042966847602584,0.09056556554372015,0.30176879064268103,0.23513416618771799,-0.040950311871997463,0.18973456857866067
2.25,9,0.08450245081785458,0.07722797693353799,0.06266857542180541,0.23882389881235674,0.061001472567861814,0.08099968666760722,0.09800819838218429,0.013631257423886123,0.06186439934956044,0.1500918172711077,0.020515685422277666,0.17064612575030805,0.15681345189381898,0.0012512574135255486,0.08055611212613271
2.5,3,0.05743508025371294,-0.0011109252820179468,0.02415246064911775,0.18740930019438531,0.01726773846264635,0.028445623945586133,0.2998827521573694,0.028845079842984494,0.1176346526979578,0.32806997904301105,0.014584789542440305,0.17428631683090715,0.20889226309977293,0.01701520507017377,0.19443642446302187
2.5,6,0.10841415891009469,-0.006357602741332753,0.007799365475245311,0.2475255769800195,0.052929507479249314,0.05913165524746594,0.034769275349600656,0.012973378210942707,0.15512048886365457,0.15664574440429171,0.08805863313785776,0.2095975456341728,0.21317852908295157,-0.06290987597887891,0.11807528435498789
2.5,9,0.03944021408571773,0.02015864789706747,0.0065196892117285205,0.13727006494698807,0.027321643980557822,0.08289399665240915,0.04480871049378589,0.02419655673101731,0.13226692748326757,0.11968170183243847,-0.02810152691321266,0.15279116081839855,0.14546825693351906,0.051040995686991074,0.04515410965136003
2.75,3,0.03872529304357919,-0.03139456390653125,-0.022133651446535313,0.2135836838187789,0.018829618967269656,0.057266598111598586,0.27007178866029585,0.052021075592116446,0.11901020205028902,0.3021730288823689,0.04268233292560105,0.11676906570121295,0.259298362151961,-0.05435236494956384,0.2433625334110757
2.75,6,0.16285198473559748,-0.00046605546269728483,0.18481072894190947,0.2802569308095053,0.03821905107533933,0.09890614678399068,0.34170387607091546,0.05679464313876343,0.18376426318292113,0.3564451011198765,0.015153322140825947,0.3699398723899683,0.35079628979480765,-0.015364701290962497,0.29284935541134094
2.75,9,0.1477779231481975,0.011928771940370345,0.11393193958971656,0.2760808512178122,0.029451683711661195,0.11007352181795825,0.33385040167170205,0.052406389669465675,0.18677079276274097,0.3280275807003685,-0.013655771142031094,0.30326054621405923,0.26351339551000824,-0.01518213819869308,0.2302936834834598
3.0,3,0.053828527813587095,0.019228245363840355,-0.0051585419642259985,0.17511172160630847,-0.039490831940728,0.04057052907381397,0.24325342076489312,0.031042585291381916,0.1429658369873172,0.2896913208213182,0.036566709807291174,0.1509989471352758,0.17139923451258296,0.03470262563063891,0.19799627653594856
3.0,6,0.07541011048702884,-7.82492087125878e-05,0.06856964143528889,0.3016103688846569,0.05562597124254854,0.04849497377692246,0.29850206299679205,0.04184818579980337,0.2518036649843435,0.3304745403996483,-0.005781515547515146,0.33231933875028374,0.3551708640076758,-0.007497028574882752,0.137277478001482
3.0,9,0.0441569613372226,-0.016985691614347754,-0.020725825952295877,0.16621588239931567,-0.008796816686740398,0.08637829398672317,0.10878714916073534,0.010788141407914788,0.04157265594898062,0.14866162988127035,0.07412728118624158,0.19936119061239405,0.19391841096288334,-0.010076127101313974,0.11326944129193824
3.25,3,0.0553847547292136,-0.0097476793718178,0.042292656952704,0.21599484518566112,0.011259692348756149,0.0874933706421466,0.2593494327077729,0.03760353311230318,0.192216180629507,0.2619679491098406,0.011616923784280513,0.13842123119831407,0.19424448164316288,-0.014651935292850523,0.21150106593031354
3.25,6,0.10114833718354366,-0.020797195847572073,0.036620324947107465,0.3031106857339341,0.044009625432209015,0.0913133900507527,0.34065559386319294,0.0007393941600099636,0.18894494535331674,0.35024854903939134,0.011054682858793836,0.30739584063348585,0.32160478630881345,0.01620601113205122,0.1703624621633018
3.25,9,0.10228504102368595,0.006230582520502854,0.05604026579410539,0.20720106527413487,0.01229029350495557,0.17228249957171576,0.1312565359057479,0.034322132063922,0.12390163060333541,0.1401090079855182,0.050873697610005326,0.15040912522554287,0.10215314151312914,0.0165776113140957,0.08019701255559657
3.5,3,0.04493389332246057,-0.02856259129404886,0.0026307453324183865,0.23649737957846645,0.07031308086596501,0.10420521073893783,0.2398337010174723,0.02192029286006625,0.21461743609699852,0.23777063343779228,0.028296267391197477,0.13036664801022974,0.2472131106829797,-0.04241655183046727,0.21565317811067716
3.5,6,0.18450002662363213,0.001838177210691549,0.005402833364739728,0.33568520024514065,0.006308869950133491,0.07302708483959658,0.3794393938782239,0.018273806254290554,0.2716192557262985,0.3773077700779798,0.06892014541300114,0.36322386324045486,0.3532602194318126,-0.008089668056492774,0.25038060424877023
3.5,9,0.042534639491709145,-0.02547455431491991,0.06020797571444972,0.16259545141260867,0.04492572271547833,0.03938350311423678,0.061246148143915054,-0.026085853003809976,0.25250425165477963,0.21680035881818374,0.06664126206069866,0.2593794262356126,0.08157592288412469,0.053383706931427195,0.09508829431027485
3.75,3,0.09632748895798839,0.04379229075030447,0.013474147640885845,0.22392190750427735,0.07522625535972786,0.020068852290828422,0.28442488008315103,0.053248916112967545,0.12621557248379053,0.2903099796744932,0.09468489508150804,0.16062259353324448,0.2531377207620747,-0.00024069877148255697,0.181816831323337
3.75,6,0.17586011071806765,0.025981462462073487,0.02369071338945502,0.3297349117002192,0.08005743587427112,0.12119577569691536,0.3471625186626223,0.04258507206260828,0.3465918193206333,0.3771264105342691,0.0783908650227429,0.36441244523285893,0.3263100850620036,-0.01138548729316864,0.24662540521896092
3.75,9,0.033981309628171315,0.03207778375030358,0.011201134554451778,0.20438008691345846,0.02642545032253261,0.07875750769526375,0.18419496713955374,-0.021826101840523197,0.16481655885845417,0.2404660631980972,-0.015488821275576211,0.2536340125621078,0.20444400533844997,-0.016303029087088156,0.09048732393675565
4.0,3,0.05562596963112166,-0.001136370027514555,0.026098271234772492,0.2135350546890745,-0.005751524163054052,-0.0008318715596366903,0.2883769582482653,0.03872298174921967,0.18977044703489457,0.28233197626548856,0.0547721705371143,0.12955284313335802,0.2036644516068684,-0.02476450888371592,0.145224569767745
4.0,6,0.19595913881339785,-0.007774860855961869,0.035956987133074866,0.40693499617555173,0.007825746232951005,0.14593725451480305,0.35428338511531704,0.029565029655328284,0.30070844669916896,0.43965589544405176,0.06598465742378079,0.39794247221535595,0.3116909630603214,-0.0009038424999814234,0.20225651473427153
4.0,9,0.12557467422428809,0.053644037646566584,-0.009355804965806054,0.2559315299406844,0.05621066508404811,0.09704865928242955,0.08214025400171697,-0.004600433159089241,0.16164028004637698,0.14855076278546062,0.06184229251956496,0.2632667041133032,0.09372205082254365,0.001809871546421361,0.07607337295309845
4.25,3,0.05249628685091301,0.018252533577954998,0.01080453005635108,0.24268066401294613,0.07637143767884526,0.021241137029780276,0.33237419313478717,0.07104633947485672,0.17081504411925255,0.29541622988569005,0.04624842012700475,0.1456627893840755,0.22946540167603538,0.04311710598237236,0.23268077143114907
4.25,6,0.1856971784321766,-0.06596775359430994,0.03606281465855491,0.30273691005471914,0.05458976072851553,0.13418919480189273,0.3472241861346095,0.06642838160483155,0.2921005151936719,0.3579093935396509,0.05957565999042765,0.34201217076766427,0.3152907000306797,0.003182859238915208,0.27464385746717884
4.25,9,0.07323789914861863,-0.033885412030049904,0.045962323694651384,0.1840503686465726,0.03427695270845456,0.13861099621811163,0.08281247213967546,-0.001461717397532647,0.1538172039549336,0.14059994498749148,0.06847393650857331,0.20006399814293882,0.10740050700513668,0.022102810009286523,0.09677750469036124
4.5,3,0.09331927123461366,0.01861328179706674,0.025808716458257733,0.2592773418680173,0.017892097762478004,0.12721266371137183,0.2827967471581495,0.0071389417373253555,0.2405279807302179,0.26461455920583593,0.006854577372203534,0.1229684563255956,0.2417519219410221,0.01515470834081235,0.14990910376042918
4.5,6,0.22199082533363226,0.03272230103318779,0.0751493652023802,0.2958504069452199,0.002117606259494466,0.08357228036207635,0.328628908029213,0.053078835299908,0.26620257925775703,0.32891393205381825,0.06511368780410554,0.4071573159992889,0.31308458934284644,0.000113838168015953,0.2833396528865147
4.5,9,0.006977312086377317,-0.002970121595378899,0.007591052155921023,0.15290479586125605,0.05951065819479405,0.04080009256441689,0.1765228227596023,0.08156481883742801,0.18270913018224913,0.21921475657211806,0.08183828838830398,0.19884965227039153,0.20330915783517273,-0.0020099483481937873,0.07200463380912756
4.75,3,0.04986367212689896,0.0286886936802734,-0.03742475067340501,0.24814128036073077,0.06335867622672467,0.09227341819519273,0.2874382758246713,0.0588223139951876,0.1746527026300574,0.30706887957735435,0.06706329841634162,0.09322992499788475,0.2362429518835849,0.010987653539899476,0.1548852256957965
4.75,6,0.28823476599796705,-0.031200870209652887,0.08489018183583272,0.30484139701518387,-0.020737643939481288,0.1679561137944638,0.35735552308144036,0.017454610993437255,0.33199811236407817,0.38584708180124205,0.03609290900512012,0.39402855676617604,0.32930991236155316,-0.029783902934868454,0.23199344847484202
4.75,9,0.05805263081647979,-0.03912840314927495,0.06570940111717388,0.13815328155491233,-0.009867425740317855,0.10720805894066988,0.05561961054199261,0.018624725363665898,0.12722756220347428,0.12904039295419073,0.012331312099265338,0.23158075714601328,0.12080686143594783,0.020894291911912184,0.06197597204668462
5.0,3,0.03367088224601047,0.008561269657724599,-0.008537889561826795,0.1849311349622798,-0.009496413387677649,0.012507168308983475,0.3482643769212951,0.07755424640511463,0.19568144179240432,0.3028707105623357,0.07632538003488056,0.09762157709995244,0.25437029355650453,-0.026319233522885576,0.17903625624005629
5.0,6,0.23415058476097522,0.014347352056124332,0.06976861822129073,0.25751395176441244,-0.01388949057219277,0.2363421747022135,0.31300181020619267,0.04852335802747956,0.22032688172821804,0.3331689821900238,0.06364976621039585,0.4084438906969473,0.3671954411138317,-0.03193932791378207,0.2829799575423521
5.0,9,0.02800793727977288,0.04591763682666826,0.05135489947040567,0.16493027481835107,0.07721827816051419,0.07185432661577143,0.1319831528489244,-0.020276654752270695,0.2204138861719222,0.19108518332809046,0.06450663806608603,0.277235570105229,0.12549907760675472,0.031061639288845696,0.10017392980247726
5.25,3,0.1002082306887899,0.021969935080456932,0.03083503752383714,0.2966009849315543,0.011788780662223238,0.05542171283941874,0.3590868537782593,0.048695826195145134,0.21562866212137574,0.3019965011211075,0.045182101226535924,0.1550728075067063,0.19672827260521142,0.021376057255801047,0.19399112385201192
5.25,6,0.22466511462770541,-0.05262285635975898,0.00975223435423621,0.2738106107249029,0.018574598436375395,0.13915571685467462,0.36679602635152825,-0.004239881556011528,0.2635120014725647,0.3618269680393479,0.10396082207130482,0.4144352817249863,0.3483101699069943,-0.01840075527472389,0.34075203186713326
5.25,9,0.08570977036873026,0.006388784886693398,0.06271120667383155,0.1744596671296526,0.008493159023769436,0.1506527133925413,0.1953797603764092,-0.029812582736925386,0.23011364143878602,0.1926857340239808,0.025687529124757944,0.24462842717337677,0.10351185544212348,0.006220698150416728,0.046281774661114265
5.5,3,0.0356923460422087,0.022331647974267798,0.009021273051888065,0.27033106632220383,0.03982589214523848,0.007679995530018391,0.328018432815478,0.05199648128777087,0.25011742441748497,0.2929045561973722,0.003643024655144684,0.07665432133640347,0.26472616764014545,-0.020816814400057053,0.1610412050836597
5.5,6,0.24600370868511798,-0.02269401155315149,0.16142369168263096,0.24669169327322707,0.0490438110799884,0.1405453245041212,0.24605151648082388,0.048826543387897686,0.3444195420920851,0.28473530555076115,0.07710798033890277,0.40924375090651444,0.41367659648379207,-0.009809254166494093,0.2653177541130238
5.5,9,0.12646789361064437,-0.0043967658323138875,0.0578546014200806,0.14539850727781142,0.01926328462439398,0.14356252880134637,0.1549308411739121,0.054472135391078556,0.1604325480960341,0.17321735634785257,0.030520354005079908,0.16454011344444214,0.1627701237833139,0.062492666322510146,0.09985942193617586
5.75,3,0.07140298829827503,-0.018618041975488896,0.015679713265647845,0.2938643472212259,0.1046598142633176,0.1098130259872746,0.27764521415819343,-0.0039850708766430345,0.24977915482816065,0.2847137156021041,0.0756977861315577,0.12201272527802035,0.17628202523544917,-0.015356280684413411,0.13610285394680602
5.75,6,0.24477557793896082,0.012822083347082597,0.09518629110102218,0.19108883665464424,0.0088831724091596,0.10722333132058566,0.36276708709941086,0.033750431269464025,0.30599357654275383,0.37288349633515827,0.04100339769584042,0.41570727196735885,0.3194777545729476,-0.0017140308057834509,0.2682809589028556
5.75,9,0.12866886620448426,0.01722416105342027,0.10589038115901302,0.18367937485996588,0.029898507844148367,0.11469291463722178,0.19533371925834975,-0.002161517562572447,0.26142218068015655,0.282429219905764,0.053279133180585934,0.3199720961961324,0.1977189584813225,0.04015187159496018,0.1330176270022028
6.0,3,0.06950142044383913,0.042315753485494684,0.07058912134208713,0.28819032026262364,0.07215197356260496,0.013758354597709393,0.3437907172125903,0.04540653856494931,0.16680672782144834,0.31214505992335756,0.06637341542225121,0.10266158935890933,0.25756085570549325,0.032915455378223955,0.2160088501981948
6.0,6,0.2758631763454092,0.02635963513623981,0.06503819884202004,0.216510009044127,0.049669116218696026,0.25374406929923815,0.3552835830189204,0.06579691078040231,0.31458501989527454,0.36862928461075056,0.020366057434826574,0.4709040708586917,0.37460074176541625,0.01731198944825238,0.3149213899712729
6.0,9,0.2047973638964581,-0.0015022006863578633,0.1268960907013294,0.22613775546056658,0.03972301364190176,0.20842770610932254,0.20689386378058555,0.04508249360298738,0.34807513022545417,0.28449355078447064,0.10102665644182945,0.2917991298836277,0.19386961363873387,0.012203027674800864,0.1335339153970784
6.25,3,0.044625982068553595,-0.02623959453876379,0.01902430631915358,0.2952664986940558,0.01347591948533961,-0.022134031774987056,0.3461452979606859,0.006504862469891274,0.19173248013690158,0.2635985475725624,-0.04237980865204025,0.12193793248029404,0.22610913319601145,0.0044968329842737225,0.21048931698618426
6.25,6,0.296845614328748,0.005552046571638891,0.09717052139232854,0.21802954533201954,0.018937535378431236,0.239916959120817,0.3836341206126459,0.07787855859218727,0.28750722570049203,0.36382458689550573,0.08790152495364126,0.4186094397020397,0.3807837831813081,0.002826027214372764,0.2683516557410556
6.25,9,0.17994909103242038,0.00046804287909991504,0.07655040081639598,0.11909790162312557,-0.017811483935219464,0.18453848097202016,0.21070392170560426,0.049319724405848024,0.3985763848509576,0.3018701507517025,0.10733754507300541,0.3490257090714623,0.20882095599308825,0.03171953542088874,0.11909177625286373
6.5,3,0.06916087567207686,-0.014968873931034788,-0.012914433033825778,0.3106866490543396,0.09315757996219198,0.0687015566426984,0.28422103831823015,0.030359164640279577,0.22805387604570443,0.2698821917555785,0.06559551778372795,0.033925123404140986,0.21561806509109646,0.021172994768066777,0.127038557167526
6.5,6,0.3016553925428814,0.011451627023063902,0.08843571305932602,0.09972281724103081,0.027060952789369007,0.20883030989983684,0.4132559982195518,0.09151972812425721,0.30168328829191604,0.4048692759591982,0.1329825216614481,0.422375747777653,0.37238529655152525,-0.02403442271699816,0.31163624316747274
6.5,9,0.13157282187736938,0.04514213095358429,0.029269129890119726,0.15957209569847525,0.029060091958597083,0.21382142638892088,0.16956570928039447,0.03925961971204184,0.2843234724256717,0.2578286090533601,0.06266447672116318,0.3138061141192283,0.19072808029827332,0.023417984610228506,0.1270366502111209
6.75,3,0.12322478676599814,0.009196925494704815,0.008529543581188504,0.2963003469434202,0.032831106579712124,0.01948670851652362,0.24837889635087443,0.037030587108750714,0.12674780749076914,0.2885148842055756,0.05838548525446321,0.11208759570616618,0.25340360746987634,0.02058998226693464,0.20501496130141145
6.75,6,0.35015829881123167,0.000818788147397661,0.20762735524941406,0.10309668000281513,0.006896607813450121,0.10220936502621211,0.33918215153299175,0.043545521221278215,0.2926662132413062,0.33598797259922525,0.10922251573132417,0.4095983152278593,0.35539028908138215,-0.024741606794808742,0.2698371805461434
6.75,9,0.1974678706798867,0.01302771112917165,0.12587595879544014,0.2035614669430359,0.02603225026675269,0.2741586719330206,0.21890786896059944,0.09514646327961376,0.34323773481647135,0.3278968302495485,0.07130308424280284,0.3314904872956956,0.1860597656574815,0.04273443975393066,0.12217680801725347
7.0,3,0.12012225822781435,0.023681404418777714,0.02086054142677107,0.3833876876999856,0.10067626585269279,0.06896254922134186,0.33303656151901795,0.08520889962234938,0.2104020468178988,0.29310501472927086,0.07108395825475299,0.05590909569026942,0.24969984782616425,0.0063314189239005335,0.16460083632576925
7.0,6,0.3570822105382176,0.05291284668319873,0.1309256391448922,0.09642528711285185,0.06337796635180046,0.2453414017461364,0.427545388422672,0.08139030735119486,0.34242916041426014,0.4112718231734633,0.08163310277199008,0.3850297339449696,0.38943613682554873,-0.009143218176403423,0.336664814752739
7.0,9,0.15177515642222794,-0.047982352519158486,0.09248879728135972,0.20040215315804866,0.018604749401708753,0.1876316996530883,0.11133429979297746,-0.049761582000292515,0.20596615898396986,0.22561991903764983,0.06361897046789278,0.30302765457385084,0.27693097509291886,-0.0171740386553493,0.24225495884262888
7.25,3,0.09750934303651278,-0.005362358428220902,-0.020912766287892834,0.3159727477006819,0.03727339884750317,0.05469681007198706,0.2609727801721512,0.03590826414119991,0.20042127706194499,0.2656200305539432,0.03244428956483988,0.12360187904563293,0.2652136495983552,0.007812154350792478,0.19610308413729285
7.25,6,0.39203050544153883,0.024402537913094696,0.19930195875203807,0.1559513242949408,0.07219029485137285,0.2834582209126236,0.3600448009046412,0.030936798991476805,0.4053435736708899,0.34415177573306244,0.0183791197954752,0.4213769925036411,0.3859518308134945,0.001820066309747429,0.30558174570217006
7.25,9,0.22845733151521389,-0.019731052898107622,0.08774052899597605,0.19851981802880297,0.00530880343196011,0.16530087773119587,0.17596583368860447,0.07260022373501626,0.2775213114693081,0.24946642432988575,0.05236430102841077,0.2793346395253449,0.18908647079758292,0.03262548312544107,0.13661894438752104
7.5,3,0.1036298623272237,0.0009903464147749774,0.006543541292676723,0.27929740875620473,0.030778643152614554,0.10060003839555845,0.35273095162506785,0.06985770836938028,0.2901363915420063,0.3206370095797876,0.05227545885051568,0.09108589103130131,0.2254601420048675,0.018226333380844163,0.230951275515309
7.5,6,0.31171010811535765,0.004720043509309593,0.1139837104574681,0.1723729585250419,0.038578726318520766,0.27338700642372804,0.352582008529678,0.05168915532135342,0.32208506319896935,0.33534814805875107,0.04965821678334096,0.39864289180869983,0.3602471482909528,0.0077027293437087335,0.28493063109438715
7.5,9,0.2697972794713643,-0.04002880118034192,0.09931247168973184,0.20919430507971312,-0.002362967983292502,0.24206688493217496,0.3402161934346487,0.05404996638372089,0.3114558264426189,0.3688335269949929,-0.016849885569945176,0.3208587536703646,0.26076649724353396,0.039378855173876966,0.24019694526193194
7.75,3,0.03796585487473698,0.023463686146100053,-0.008022331443284542,0.3050333923385663,0.08808476576051134,0.016946190791739407,0.2851713889394393,-0.00346989829574666,0.2188789304217946,0.28632767179479557,0.031152767970867953,0.12475913526518706,0.2239650716794424,0.03365367061945017,0.18188510279249545
7.75,6,0.3372496872019833,0.023739187596737748,0.12690675846636595,0.16647787123354507,0.010312960197638528,0.24576004582410207,0.37624304537189496,0.04288697435981365,0.2998564895130247,0.3611356790041288,0.03286503563264107,0.3979739572047765,0.399017471849243,0.021303743675827724,0.3268951003389996
7.75,9,0.24423921958434758,0.011453665087379024,0.10520393344058118,0.18082983175428427,0.001780792133161792,0.22166952804424644,0.19563083793230696,0.07341747905465874,0.32084238120266884,0.3382689958336272,0.09497733570619482,0.3228550453783452,0.24223474974762446,0.04210909828246671,0.1589455298070239
8.0,3,0.09733658524796396,0.0142410766743023,0.11120063098328008,0.27742665082243295,0.05508485876501998,0.05009962992780538,0.28169426249405466,0.02521968267892047,0.23054840710303712,0.2791470560512612,0.04477357226038755,0.1019755967240009,0.19816935197018262,0.03434328299941772,0.261302771458401
8.0,6,0.38850392068925155,0.019014996392600843,0.18219872517060703,0.1166357214995237,-0.011317788081621384,0.2475117219870811,0.40800333310690323,0.08714923534111202,0.37577967509030047,0.43136638722172305,0.020557947250091527,0.381213851222116,0.3696664409405836,-0.006206244455124318,0.2607018397210146
8.0,9,0.3036830526175197,-0.01346670093452249,0.0522747838184348,0.13620559859824943,0.009289728977746907,0.16401602881494634,0.15083216093442314,0.09226805054867929,0.33540636283440806,0.3137664692711257,0.08736537468418198,0.324457879799608,0.24574894832642943,0.015983210836100735,0.16931562977206097
8.25,3,0.08827523170967824,0.019019381709806035,-0.021666914912355905,0.3317604633325642,0.05846589461679506,0.027615086665354734,0.3426435045794161,0.07588119241901732,0.24876725737254085,0.32162732270948785,0.05743473538724608,0.07111818148014852,0.2354689041576384,0.023270480462762675,0.20459265746040256
8.25,6,0.3504286537781168,0.014679469152697843,0.1149915511006562,0.18124411499918572,0.041180839410173156,0.2876768526593629,0.35212324441884896,0.026140462410486457,0.37141600156081817,0.3374071581846899,0.038675902794727,0.4283856465796586,0.35150224653141665,0.023052050532005798,0.2740020020256664
8.25,9,0.3284082844588817,-0.023743296324560244,0.03966872115160992,0.08490625899935308,0.025153205739695643,0.23977813538672627,0.1968888374129007,0.08386260895508664,0.313547357244439,0.34618934877096685,0.08747060696119092,0.35737265146585706,0.2697225925851022,0.056836800647625745,0.14612074975771078
8.5,3,0.04496691763274044,0.01355299596660947,0.006071140406249883,0.33200057094694274,0.052341941188903264,0.03017557039904177,0.3337732946703929,0.0543995191500476,0.24378701661537217,0.32492544031443377,0.056938086446017666,0.09173574040333848,0.19588250244162203,0.040935639497742135,0.20220404416407597
8.5,6,0.30922204465790804,0.01532699723008299,0.10656347450758043,0.2345850845398768,0.008649074074987207,0.3166917725740521,0.3550581688141374,0.06262704282701503,0.3926937410749426,0.3436472756479277,0.04970798937455021,0.3898811441520936,0.36154184690352303,0.016879035242129962,0.26677313166759115
8.5,9,0.311335885974037,-0.008687440268644552,0.16744616285097585,0.14895761777207178,0.010637148266691031,0.337331062576368,0.1811089993511553,0.11890998414493564,0.3532038083720069,0.34983988922011666,0.10570295479533579,0.3549591286422274,0.25453682554868917,0.034769968398889704,0.18390633591245723
8.75,3,0.19296761495615683,-0.04038631049854437,0.034290413490368654,0.325117899881093,0.060945054580771645,0.05547465133226666,0.30941237687584283,0.0705231752261631,0.21313472803229963,0.2813257261006435,0.014201105154730916,0.12432936630791575,0.20142615354111826,0.03659139514347668,0.2118298383713199
8.75,6,0.4199593275033511,0.03147255641887317,0.11309541064320622,0.16332045946076876,0.014500685440985683,0.3635294892737265,0.39117716572626043,0.043969491547722075,0.36381374932754,0.4008400070424518,0.056374584078104244,0.4431771292393634,0.3763027265951745,0.05405649127247974,0.2430546739838108
8.75,9,0.30106994693703626,0.03972481290369368,-0.0013347074502997344,0.1280605919779549,0.02217438567881456,0.16925192211252651,0.10978006059137949,0.05850273814241421,0.3508413687421488,0.3173907198316069,0.11333611149396122,0.3030157947444875,0.25071727823915363,0.026922737983244675,0.16470250930328148
9.0,3,0.16425701249701818,-0.010669557174651283,0.01449665694166057,0.23613912725983144,0.009484604727048618,0.1471087992385212,0.3457981025260457,0.06953159065899724,0.23156780652306325,0.30562309886380795,0.053904572311890615,0.09044548412659816,0.15888444247771866,0.06346551024020668,0.1694733296122935
9.0,6,0.3931649808022276,-0.018863303931936175,0.09616073631967714,0.14406776437954413,0.009755072287039474,0.34251633032744166,0.3952719331471654,0.09523211790262903,0.35303304234534627,0.40986879452653213,0.09635128409761058,0.3911605718584486,0.3215159382702678,-0.006031447727804993,0.2339971106364557
9.0,9,0.37707269580257646,-0.004632500659547514,0.1328944034733067,0.12568527511437455,0.022757587807673868,0.27693217149850335,0.17537616139364212,0.07945652972597082,0.356337219024615,0.3940476805464944,0.1371806203428738,0.34316286988351996,0.31670412212971044,0.01099463297144964,0.18370789759483588
9.25,3,0.08893779750077434,-0.0290674446183836,0.04900735166789716,0.26197629611442574,0.031788458123165705,0.07075918316809782,0.3422030594219494,0.06131896257020222,0.2396069681468542,0.3081654801690981,0.04742034265146215,0.06263174132433379,0.18852544396351623,0.030317921199826858,0.16539111139506954
9.25,6,0.34325180675654554,-0.010800183939788165,0.04966388923996016,0.11220779150649439,0.026794637697589847,0.2949776042690594,0.3840869328635179,0.06580734209587952,0.3097014904277237,0.370152780056591,0.13027202915836125,0.34942418029135075,0.33519323934234424,0.006905394031803124,0.19001768799649074
9.25,9,0.2694241239001301,-0.014034456498677279,0.034432183874892615,0.06424109094911444,-0.001959373800579982,0.18508744860112125,0.07746307835296086,0.04583323832178767,0.29906221155866036,0.2846480084225245,0.10176484930085204,0.2639705545971868,0.19090590983605848,0.04912657511556792,0.15299053161688062
9.5,3,0.11689389161925058,0.05170373113905073,0.06973265296784191,0.22663099160332562,0.06034026748131445,0.13577920109103786,0.3483090410217649,0.09430526929020716,0.27403364260586494,0.30393905252638104,0.015545636492211613,0.20036975705458376,0.2150499178438336,0.031110569178260918,0.17631348131937488
9.5,6,0.35310522640374364,0.035447015024639754,0.11126356218629035,0.1526531234120049,0.0467915831946803,0.29363365577344885,0.3321621713578885,0.03795190894057973,0.3558356492497331,0.3367275252404046,0.10366743739431705,0.3617536446563601,0.315081601002181,0.027502435401989243,0.19834382393579914
9.5,9,0.31160144393839273,-0.060437018302259886,0.07087907560222574,0.07874947744942286,0.023022092910040762,0.22384173449234965,0.09405934601766305,0.06730172356299202,0.38050513441630646,0.28696698721187097,0.1168568651758478,0.31506746599314306,0.22041689114619942,0.0484397629164945,0.18670692819322987
9.75,3,0.10810159829458398,0.04866833070416593,0.03668097539069122,0.23830117887419683,-0.019923504996327446,0.1850169294037374,0.24978752388436454,0.05467582228481729,0.23057941291103268,0.26251510351210666,0.0025805788684003686,0.2331303620237741,0.1867161582708733,0.05224558963572369,0.15443170611454118
9.75,6,0.3275146077398964,0.01572410860094429,0.0771902453872995,0.10754872697574688,0.053784189259701166,0.24620743236250706,0.3434765996697722,0.05730874061736112,0.27497643147545126,0.3624940284340301,0.14999857919086046,0.3255967202092321,0.2910862129372959,0.008521691107220565,0.16684333771622215
9.75,9,0.2737192342437194,0.021299469540561042,0.037482540873836165,0.12127373764980307,0.039294865159406604,0.23552048675373694,0.08011309797584532,0.04956683163124018,0.25544962103576,0.3086236413514911,0.12107022034038642,0.2612058860796169,0.24400256477309926,0.0021485470263657522,0.22015820566956318
